INSERT INTO author (id, firstName, lastName, version) VALUES (1, 'Max', 'Mustermann', 0);
INSERT INTO author (id, firstName, lastName, version) VALUES (2, 'Maria', 'Mustermann', 0);
INSERT INTO author (id, firstName, lastName, version) VALUES (3, 'Paul', 'WritesALot', 0);
INSERT INTO author (id, firstName, lastName, version) VALUES (4, 'Julia', 'LovesBooks', 0);
INSERT INTO author (id, firstName, lastName, version) VALUES (5, 'Anton', 'FirstOne', 0);
INSERT INTO author (id, firstName, lastName, version) VALUES (6, 'Susan', 'WritesEvenMore', 0);

INSERT INTO book (id, title, version) VALUES (1, 'Book 1', 0);
INSERT INTO book (id, title, version) VALUES (2, 'Book 2', 0);
INSERT INTO book (id, title, version) VALUES (3, 'Book 3', 0);
INSERT INTO book (id, title, version) VALUES (4, 'Book 4', 0);
INSERT INTO book (id, title, version) VALUES (5, 'Book 5', 0);
INSERT INTO book (id, title, version) VALUES (6, 'Book 6', 0);
INSERT INTO book (id, title, version) VALUES (7, 'Book 7', 0);
INSERT INTO book (id, title, version) VALUES (8, 'Book 8', 0);
INSERT INTO book (id, title, version) VALUES (9, 'Book 9', 0);
INSERT INTO book (id, title, version) VALUES (10, 'Book 10', 0);
INSERT INTO book (id, title, version) VALUES (11, 'Book 11', 0);
INSERT INTO book (id, title, version) VALUES (12, 'Book 12', 0);

INSERT INTO book_author(books_id, authors_id) VALUES (1,1);
INSERT INTO book_author(books_id, authors_id) VALUES (2,1);
INSERT INTO book_author(books_id, authors_id) VALUES (3,1);
INSERT INTO book_author(books_id, authors_id) VALUES (2,2);
INSERT INTO book_author(books_id, authors_id) VALUES (3,2);
INSERT INTO book_author(books_id, authors_id) VALUES (4,2);
INSERT INTO book_author(books_id, authors_id) VALUES (4,3);
INSERT INTO book_author(books_id, authors_id) VALUES (5,3);
INSERT INTO book_author(books_id, authors_id) VALUES (3,3);
INSERT INTO book_author(books_id, authors_id) VALUES (6,3);
INSERT INTO book_author(books_id, authors_id) VALUES (6,4);
INSERT INTO book_author(books_id, authors_id) VALUES (7,4);
INSERT INTO book_author(books_id, authors_id) VALUES (8,4);
INSERT INTO book_author(books_id, authors_id) VALUES (6,5);
INSERT INTO book_author(books_id, authors_id) VALUES (9,5);
INSERT INTO book_author(books_id, authors_id) VALUES (5,6);
INSERT INTO book_author(books_id, authors_id) VALUES (6,6);
INSERT INTO book_author(books_id, authors_id) VALUES (10,6);
INSERT INTO book_author(books_id, authors_id) VALUES (11,6);
INSERT INTO book_author(books_id, authors_id) VALUES (12,6);